id;last_name;first_name;country;region;sub_regions;code_postal;address;birth_day
1;Brunet;Clotilde;28418;17730;3696;tic-tac;malade exister au cas où;2024-03-30
2;Barbier;Girart;11341;29290;7517;autant poursuivre;spécialiste;2024-03-30
3;Gerard;Alcide;912;8689;24852;tant touchant bientôt;laisser;2024-03-30
4;Faure;Denise;9298;8398;3998;de manière à ce que;désagréable assister;2024-03-30
5;Collet;Doriane;25817;29822;29490;bang amorphe;étrangler personnel;2024-03-31
6;Pons;Hincmar;31433;13095;15689;débile espiègle;manipuler;2024-03-31
7;Jean;Blanche;2675;5502;31076;infime vers au cas où;foule commis gens;2024-03-30
8;Meyer;Taurin;18473;1482;7003;commettre autrefois biathlète;dense après maigre;2024-03-30
9;Mercier;Judicaël;4069;15348;21355;financer impromptu;tolérer sauf à de sorte que;2024-03-30
10;Vincent;Scholastique;6385;29817;30895;à l'encontre de communauté étudiante;aujourd'hui de au-dessous;2024-03-31
