id;title;content;creation_date
1;gens;dedans;2024-03-30T11:55:56
2;âcre perplexe;cyan;2024-03-30T14:12:28
3;euh d’autant que;là au-dessous de;2024-03-31T06:17:00
4;foule;cot cot communauté étudiante;2024-03-31T00:31:17
5;solitaire environ;cerner;2024-03-30T16:39:46
6;sans que;quelquefois doter jusqu’à ce que;2024-03-31T05:17:10
7;après miam bang;constater aigre tendre;2024-03-30T17:24:11
8;au prix de;convaincre;2024-03-30T20:02:01
9;parce que plouf;après que de façon à y;2024-03-31T03:02:07
10;assez;dépendre ouf;2024-03-30T17:00:53
